{
   "abstract" : "A real Try Catch Block Implementation Using Perl Filter",
   "author" : [
      "Jacques Deguest (jack@deguest.jp)"
   ],
   "dynamic_config" : 0,
   "generated_by" : "ExtUtils::MakeMaker version 7.70, CPAN::Meta::Converter version 2.150010",
   "license" : [
      "perl_5"
   ],
   "meta-spec" : {
      "url" : "http://search.cpan.org/perldoc?CPAN::Meta::Spec",
      "version" : 2
   },
   "name" : "Nice-Try",
   "no_index" : {
      "directory" : [
         "t",
         "inc"
      ]
   },
   "prereqs" : {
      "build" : {
         "requires" : {
            "ExtUtils::MakeMaker" : "0"
         }
      },
      "configure" : {
         "requires" : {
            "ExtUtils::MakeMaker" : "0"
         }
      },
      "runtime" : {
         "requires" : {
            "Exporter" : "5.73",
            "Filter::Util::Call" : "1.59",
            "List::Util" : "1.33",
            "PPI" : "1.278",
            "PPI::XS" : "0.910",
            "Scalar::Util" : "1.50",
            "Symbol" : "1.07",
            "Want" : "0.29",
            "perl" : "5.016000",
            "strict" : "0",
            "warnings" : "0"
         }
      },
      "test" : {
         "requires" : {
            "Test::More" : "1.302162",
            "Test::Pod" : "1.52",
            "experimental" : "0.020"
         }
      }
   },
   "release_status" : "stable",
   "resources" : {
      "bugtracker" : {
         "web" : "https://gitlab.com/jackdeguest/Nice-Try/issues"
      },
      "repository" : {
         "type" : "git",
         "web" : "https://gitlab.com/jackdeguest/Nice-Try"
      }
   },
   "version" : "v1.3.17",
   "x_serialization_backend" : "JSON::PP version 4.06"
}
