{"target":"YAML::PP","version":"v0.39.0","name":"YAML::PP","pathname":"T/TI/TINITA/YAML-PP-v0.39.0.tar.gz","provides":{"YAML::PP::Common":{"file":"lib/YAML/PP/Common.pm","version":"v0.39.0"},"YAML::PP::Type::MergeKey":{"version":"v0.39.0","file":"lib/YAML/PP/Type/MergeKey.pm"},"YAML::PP::Schema::JSON":{"version":"v0.39.0","file":"lib/YAML/PP/Schema/JSON.pm"},"YAML::PP::Schema::Failsafe":{"file":"lib/YAML/PP/Schema/Failsafe.pm","version":"v0.39.0"},"YAML::PP::Grammar":{"version":"v0.39.0","file":"lib/YAML/PP/Grammar.pm"},"YAML::PP::Lexer":{"file":"lib/YAML/PP/Lexer.pm","version":"v0.39.0"},"YAML::PP::Schema::YAML1_1":{"file":"lib/YAML/PP/Schema/YAML1_1.pm","version":"v0.39.0"},"YAML::PP::Writer::File":{"version":"v0.39.0","file":"lib/YAML/PP/Writer/File.pm"},"YAML::PP::Render":{"file":"lib/YAML/PP/Render.pm","version":"v0.39.0"},"YAML::PP::Exception":{"version":"v0.39.0","file":"lib/YAML/PP/Exception.pm"},"YAML::PP::Dumper":{"file":"lib/YAML/PP/Dumper.pm","version":"v0.39.0"},"YAML::PP::Schema":{"version":"v0.39.0","file":"lib/YAML/PP/Schema.pm"},"YAML::PP::Schema::Perl":{"file":"lib/YAML/PP/Schema/Perl.pm","version":"v0.39.0"},"YAML::PP":{"file":"lib/YAML/PP.pm","version":"v0.39.0"},"YAML::PP::Emitter":{"version":"v0.39.0","file":"lib/YAML/PP/Emitter.pm"},"YAML::PP::Schema::Merge":{"version":"v0.39.0","file":"lib/YAML/PP/Schema/Merge.pm"},"YAML::PP::Perl":{"file":"lib/YAML/PP/Perl.pm","version":"v0.39.0"},"YAML::PP::Writer":{"file":"lib/YAML/PP/Writer.pm","version":"v0.39.0"},"YAML::PP::Schema::Include":{"file":"lib/YAML/PP/Schema/Include.pm","version":"v0.39.0"},"YAML::PP::Constructor":{"file":"lib/YAML/PP/Constructor.pm","version":"v0.39.0"},"YAML::PP::Schema::Core":{"file":"lib/YAML/PP/Schema/Core.pm","version":"v0.39.0"},"YAML::PP::Schema::Catchall":{"file":"lib/YAML/PP/Schema/Catchall.pm","version":"v0.39.0"},"YAML::PP::Parser":{"version":"v0.39.0","file":"lib/YAML/PP/Parser.pm"},"YAML::PP::Highlight":{"version":"v0.39.0","file":"lib/YAML/PP/Highlight.pm"},"YAML::PP::Preserve::Hash":{"file":"lib/YAML/PP.pm","version":"v0.39.0"},"YAML::PP::Reader":{"version":"v0.39.0","file":"lib/YAML/PP/Reader.pm"},"YAML::PP::Preserve::Array":{"version":"v0.39.0","file":"lib/YAML/PP.pm"},"YAML::PP::Schema::Binary":{"version":"v0.39.0","file":"lib/YAML/PP/Schema/Binary.pm"},"YAML::PP::Representer":{"file":"lib/YAML/PP/Representer.pm","version":"v0.39.0"},"YAML::PP::Loader":{"version":"v0.39.0","file":"lib/YAML/PP/Loader.pm"},"YAML::PP::Preserve::Scalar":{"file":"lib/YAML/PP.pm","version":"v0.39.0"},"YAML::PP::Schema::Tie::IxHash":{"file":"lib/YAML/PP/Schema/Tie/IxHash.pm","version":"v0.39.0"},"YAML::PP::Reader::File":{"version":"v0.39.0","file":"lib/YAML/PP/Reader.pm"}},"dist":"YAML-PP-v0.39.0"}