{"name":"PPI","pathname":"O/OA/OALDERS/PPI-1.284.tar.gz","provides":{"PPI::Token::Number::Octal":{"file":"lib/PPI/Token/Number/Octal.pm","version":"1.284"},"PPI::Normal":{"file":"lib/PPI/Normal.pm","version":"1.284"},"PPI::Statement::Variable":{"version":"1.284","file":"lib/PPI/Statement/Variable.pm"},"PPI::Token::Data":{"version":"1.284","file":"lib/PPI/Token/Data.pm"},"PPI::XSAccessor":{"version":"1.284","file":"lib/PPI/XSAccessor.pm"},"PPI::Statement::Unknown":{"version":"1.284","file":"lib/PPI/Statement/Unknown.pm"},"PPI::Token::QuoteLike::Command":{"version":"1.284","file":"lib/PPI/Token/QuoteLike/Command.pm"},"PPI::Statement::Break":{"version":"1.284","file":"lib/PPI/Statement/Break.pm"},"PPI::Token::Operator":{"file":"lib/PPI/Token/Operator.pm","version":"1.284"},"PPI::Token::Quote":{"version":"1.284","file":"lib/PPI/Token/Quote.pm"},"PPI::Statement::Include":{"file":"lib/PPI/Statement/Include.pm","version":"1.284"},"PPI::Exception":{"file":"lib/PPI/Exception.pm","version":"1.284"},"PPI::Cache":{"file":"lib/PPI/Cache.pm","version":"1.284"},"PPI::Token::Symbol":{"version":"1.284","file":"lib/PPI/Token/Symbol.pm"},"PPI::Structure::Signature":{"version":"1.284","file":"lib/PPI/Structure/Signature.pm"},"PPI::Statement::When":{"file":"lib/PPI/Statement/When.pm","version":"1.284"},"PPI::Statement::Expression":{"file":"lib/PPI/Statement/Expression.pm","version":"1.284"},"PPI::Statement::Compound":{"version":"1.284","file":"lib/PPI/Statement/Compound.pm"},"PPI::Token::End":{"version":"1.284","file":"lib/PPI/Token/End.pm"},"PPI::Transform::UpdateCopyright":{"version":"1.284","file":"lib/PPI/Transform/UpdateCopyright.pm"},"PPI::Statement::Data":{"version":"1.284","file":"lib/PPI/Statement/Data.pm"},"PPI::Token::Separator":{"file":"lib/PPI/Token/Separator.pm","version":"1.284"},"PPI::Token::Regexp":{"version":"1.284","file":"lib/PPI/Token/Regexp.pm"},"PPI::Structure::Subscript":{"version":"1.284","file":"lib/PPI/Structure/Subscript.pm"},"PPI::Token::Quote::Double":{"version":"1.284","file":"lib/PPI/Token/Quote/Double.pm"},"PPI::Token::QuoteLike::Regexp":{"file":"lib/PPI/Token/QuoteLike/Regexp.pm","version":"1.284"},"PPI::Token::Unknown":{"version":"1.284","file":"lib/PPI/Token/Unknown.pm"},"PPI::Structure::Constructor":{"file":"lib/PPI/Structure/Constructor.pm","version":"1.284"},"PPI::Document":{"file":"lib/PPI/Document.pm","version":"1.284"},"PPI::Token::Number::Float":{"version":"1.284","file":"lib/PPI/Token/Number/Float.pm"},"PPI::Token::QuoteLike":{"version":"1.284","file":"lib/PPI/Token/QuoteLike.pm"},"PPI::Exception::ParserRejection":{"file":"lib/PPI/Exception/ParserRejection.pm","version":"1.284"},"PPI::Statement::Scheduled":{"file":"lib/PPI/Statement/Scheduled.pm","version":"1.284"},"PPI::Lexer":{"version":"1.284","file":"lib/PPI/Lexer.pm"},"PPI::Statement::Sub":{"file":"lib/PPI/Statement/Sub.pm","version":"1.284"},"PPI::Token::Number::Exp":{"version":"1.284","file":"lib/PPI/Token/Number/Exp.pm"},"PPI::Structure::List":{"version":"1.284","file":"lib/PPI/Structure/List.pm"},"PPI::Structure::For":{"version":"1.284","file":"lib/PPI/Structure/For.pm"},"PPI::Statement::Package":{"version":"1.284","file":"lib/PPI/Statement/Package.pm"},"PPI::Token::BOM":{"file":"lib/PPI/Token/BOM.pm","version":"1.284"},"PPI::Structure::Condition":{"version":"1.284","file":"lib/PPI/Structure/Condition.pm"},"PPI::Structure::Given":{"version":"1.284","file":"lib/PPI/Structure/Given.pm"},"PPI::Structure":{"version":"1.284","file":"lib/PPI/Structure.pm"},"PPI::Tokenizer":{"version":"1.284","file":"lib/PPI/Tokenizer.pm"},"PPI::Token::QuoteLike::Readline":{"file":"lib/PPI/Token/QuoteLike/Readline.pm","version":"1.284"},"PPI::Token::QuoteLike::Backtick":{"version":"1.284","file":"lib/PPI/Token/QuoteLike/Backtick.pm"},"PPI::Token::Quote::Literal":{"file":"lib/PPI/Token/Quote/Literal.pm","version":"1.284"},"PPI":{"version":"1.284","file":"lib/PPI.pm"},"PPI::Token::Pod":{"file":"lib/PPI/Token/Pod.pm","version":"1.284"},"PPI::Util":{"file":"lib/PPI/Util.pm","version":"1.284"},"PPI::Structure::When":{"version":"1.284","file":"lib/PPI/Structure/When.pm"},"PPI::Token::Structure":{"file":"lib/PPI/Token/Structure.pm","version":"1.284"},"PPI::Document::File":{"version":"1.284","file":"lib/PPI/Document/File.pm"},"PPI::Token::Comment":{"file":"lib/PPI/Token/Comment.pm","version":"1.284"},"PPI::Singletons":{"file":"lib/PPI/Singletons.pm","version":"1.284"},"PPI::Token::Whitespace":{"version":"1.284","file":"lib/PPI/Token/Whitespace.pm"},"PPI::Token::Regexp::Substitute":{"file":"lib/PPI/Token/Regexp/Substitute.pm","version":"1.284"},"PPI::Document::Fragment":{"version":"1.284","file":"lib/PPI/Document/Fragment.pm"},"PPI::Structure::Unknown":{"file":"lib/PPI/Structure/Unknown.pm","version":"1.284"},"PPI::Statement::Null":{"file":"lib/PPI/Statement/Null.pm","version":"1.284"},"PPI::Token::Number":{"version":"1.284","file":"lib/PPI/Token/Number.pm"},"PPI::Token::Label":{"file":"lib/PPI/Token/Label.pm","version":"1.284"},"PPI::Token::DashedWord":{"version":"1.284","file":"lib/PPI/Token/DashedWord.pm"},"PPI::Statement::UnmatchedBrace":{"version":"1.284","file":"lib/PPI/Statement/UnmatchedBrace.pm"},"PPI::Dumper":{"version":"1.284","file":"lib/PPI/Dumper.pm"},"PPI::Token::Cast":{"version":"1.284","file":"lib/PPI/Token/Cast.pm"},"PPI::Token::Quote::Interpolate":{"version":"1.284","file":"lib/PPI/Token/Quote/Interpolate.pm"},"PPI::Token":{"file":"lib/PPI/Token.pm","version":"1.284"},"PPI::Token::Attribute":{"file":"lib/PPI/Token/Attribute.pm","version":"1.284"},"PPI::Token::ArrayIndex":{"file":"lib/PPI/Token/ArrayIndex.pm","version":"1.284"},"PPI::Token::Word":{"version":"1.284","file":"lib/PPI/Token/Word.pm"},"PPI::Token::Regexp::Transliterate":{"version":"1.284","file":"lib/PPI/Token/Regexp/Transliterate.pm"},"PPI::Statement":{"version":"1.284","file":"lib/PPI/Statement.pm"},"PPI::Statement::Given":{"file":"lib/PPI/Statement/Given.pm","version":"1.284"},"PPI::Token::QuoteLike::Words":{"version":"1.284","file":"lib/PPI/Token/QuoteLike/Words.pm"},"PPI::Normal::Standard":{"version":"1.284","file":"lib/PPI/Normal/Standard.pm"},"PPI::Token::Regexp::Match":{"version":"1.284","file":"lib/PPI/Token/Regexp/Match.pm"},"PPI::Token::Number::Hex":{"file":"lib/PPI/Token/Number/Hex.pm","version":"1.284"},"PPI::Token::Prototype":{"file":"lib/PPI/Token/Prototype.pm","version":"1.284"},"PPI::Token::HereDoc":{"file":"lib/PPI/Token/HereDoc.pm","version":"1.284"},"PPI::Document::Normalized":{"version":"1.284","file":"lib/PPI/Document/Normalized.pm"},"PPI::Transform":{"file":"lib/PPI/Transform.pm","version":"1.284"},"PPI::Token::Number::Version":{"version":"1.284","file":"lib/PPI/Token/Number/Version.pm"},"PPI::Statement::End":{"version":"1.284","file":"lib/PPI/Statement/End.pm"},"PPI::Statement::Include::Perl6":{"file":"lib/PPI/Statement/Include/Perl6.pm","version":"1.284"},"PPI::Token::Quote::Single":{"version":"1.284","file":"lib/PPI/Token/Quote/Single.pm"},"PPI::Element":{"version":"1.284","file":"lib/PPI/Element.pm"},"PPI::Token::Magic":{"file":"lib/PPI/Token/Magic.pm","version":"1.284"},"PPI::Node":{"version":"1.284","file":"lib/PPI/Node.pm"},"PPI::Structure::Block":{"file":"lib/PPI/Structure/Block.pm","version":"1.284"},"PPI::Find":{"version":"1.284","file":"lib/PPI/Find.pm"},"PPI::Token::Number::Binary":{"version":"1.284","file":"lib/PPI/Token/Number/Binary.pm"}},"dist":"PPI-1.284","target":"PPI","version":"1.284"}