{
   "abstract" : "call methods on native types",
   "author" : [
      "chocolateboy <chocolate@cpan.org>"
   ],
   "dynamic_config" : 0,
   "generated_by" : "ExtUtils::MakeMaker version 7.70, CPAN::Meta::Converter version 2.150010",
   "license" : [
      "artistic_2"
   ],
   "meta-spec" : {
      "url" : "http://search.cpan.org/perldoc?CPAN::Meta::Spec",
      "version" : 2
   },
   "name" : "autobox",
   "no_index" : {
      "directory" : [
         "t",
         "inc"
      ]
   },
   "prereqs" : {
      "build" : {
         "requires" : {
            "IPC::System::Simple" : "1.30",
            "Test::Fatal" : "0.017"
         }
      },
      "configure" : {
         "requires" : {
            "ExtUtils::MakeMaker" : "0"
         }
      },
      "runtime" : {
         "requires" : {
            "Scope::Guard" : "0.21",
            "perl" : "5.008000",
            "version" : "0.77"
         }
      }
   },
   "release_status" : "stable",
   "resources" : {
      "bugtracker" : {
         "web" : "https://github.com/chocolateboy/autobox/issues"
      },
      "repository" : {
         "url" : "https://github.com/chocolateboy/autobox"
      }
   },
   "version" : "v3.0.2",
   "x_serialization_backend" : "JSON::PP version 4.06"
}
