{
   "abstract" : "numeric tests for perl scalars",
   "author" : [
      "chocolateboy <chocolate@cpan.org>, Michael G. Schwern <schwern@pobox.com>"
   ],
   "dynamic_config" : 0,
   "generated_by" : "ExtUtils::MakeMaker version 6.98, CPAN::Meta::Converter version 2.120921, CPAN::Meta::Converter version 2.150010",
   "license" : [
      "perl_5"
   ],
   "meta-spec" : {
      "url" : "http://search.cpan.org/perldoc?CPAN::Meta::Spec",
      "version" : 2
   },
   "name" : "Scalar-Util-Numeric",
   "no_index" : {
      "directory" : [
         "t",
         "inc"
      ]
   },
   "prereqs" : {
      "build" : {
         "requires" : {
            "ExtUtils::MakeMaker" : "0"
         }
      },
      "configure" : {
         "requires" : {
            "ExtUtils::MakeMaker" : "0"
         }
      },
      "runtime" : {
         "requires" : {
            "perl" : "5.008000"
         }
      }
   },
   "release_status" : "stable",
   "resources" : {
      "bugtracker" : {
         "web" : "https://github.com/chocolateboy/Scalar-Util-Numeric/issues"
      },
      "repository" : {
         "url" : "https://github.com/chocolateboy/Scalar-Util-Numeric"
      }
   },
   "version" : "0.40",
   "x_serialization_backend" : "JSON::PP version 4.06"
}
