{"name":"Attribute::Util","pathname":"D/DA/DANKOGAI/Attribute-Util-1.07.tar.gz","provides":{"Attribute::Util":{"file":"lib/Attribute/Util.pm","version":"1.07"},"Attribute::Alias":{"file":"lib/Attribute/Alias.pm","version":"1.02"},"Attribute::Memoize":{"version":"1.02","file":"lib/Attribute/Memoize.pm"},"Attribute::Abstract":{"file":"lib/Attribute/Abstract.pm","version":"1.02"},"Attribute::Method":{"file":"lib/Attribute/Method.pm","version":"1.04"},"Attribute::SigHandler":{"version":"1.02","file":"lib/Attribute/SigHandler.pm"}},"dist":"Attribute-Util-1.07","target":"Attribute::Abstract","version":"1.07"}