{
   "abstract" : "Assorted general utility attributes",
   "author" : [
      "Dan Kogai <dankogai+cpan@gmail.com>"
   ],
   "dynamic_config" : 0,
   "generated_by" : "ExtUtils::MakeMaker version 6.64, CPAN::Meta::Converter version 2.120921, CPAN::Meta::Converter version 2.150010",
   "license" : [
      "unknown"
   ],
   "meta-spec" : {
      "url" : "http://search.cpan.org/perldoc?CPAN::Meta::Spec",
      "version" : 2
   },
   "name" : "Attribute-Util",
   "no_index" : {
      "directory" : [
         "t",
         "inc"
      ]
   },
   "prereqs" : {
      "build" : {
         "requires" : {
            "ExtUtils::MakeMaker" : "0"
         }
      },
      "configure" : {
         "requires" : {
            "ExtUtils::MakeMaker" : "0"
         }
      },
      "runtime" : {
         "requires" : {
            "Attribute::Handlers" : "0.61",
            "Memoize" : "0"
         }
      }
   },
   "release_status" : "stable",
   "version" : "1.07",
   "x_serialization_backend" : "JSON::PP version 4.06"
}
